{
"image0":"images/img0.png",
"title1": "FurnitureXD",
"title2":"Home",
"title3":"Bedroom",
"title4":"Dining",
"title5":"living",
"title6":"Aboutus",
"title7":"Contactus",
"Product1_image1":"images/img_8.png",
"Product1_video":"images/video_bed.webm"   , 
"product1_name":"FRIHETEN SOFA BED",
"MRP1":"M.R.P: ₹ 39,000.00",
"price1":"Price: ₹ 33,000.00",
"You Save1":"You save: ₹ 6000.00 (14%) <br> Inclusive of all taxes",
"product_description1":"Corner sofa-bed with storage, Skiftebo dark grey After a good night’s sleep, you can effortlessly convert your bedroom or guest room into a living room again. The built-in storage is easy to access and spacious enough to stow bedding, books and PJs.",
"Product2_image1":"images/img_36.jpeg", 
"Product2_image2":"images/img_37.jpeg",  
"product2_name":"PAX Wardrobe",
"MRP2":"M.R.P: ₹ 49,000.00",
"price2":"Price: ₹ 33,000.00",
"You Save2":"You save: ₹ 16000.00 (24%)<br> Inclusive of all taxes",
"product_description2":"Keep it simple. Here's a basic solution to get you started, and space for more interiors if you want to upgrade.",
"Product3_image1":"images/img_10.png", 
"Product3_image2":"images/img_42.jpeg" ,
"product3_name":"MALM BED FRAME",
"MRP3":"M.R.P: ₹ 19,000.00",
"price3":"Price: ₹ 13,000.00",
"You Save3":"You save: ₹ 6000.00 (44%)<br> Inclusive of all taxes",
"product_description3":"This versatile bed frame will look great with your choice of textiles and bedroom furniture. <br>You can sit up comfortably in bed thanks to the high headboard – just prop some pillows behind your back and you will have a comfortable place to read or watch TV."

}