{
    "image0":"images/img0.png",
    "title1": "FurnitureXD",
    "title2":"Home",
    "title3":"Bedroom",
    "title4":"Dining",
    "title5":"living",
    "title6":"Aboutus",
    "title7":"Contactus",
    "arrow":"images/img_13.jpeg",
    "product_name":"Oribi Upholstered Dining Bench",
    "product_price":"22999.00",
    "product_image":"images/img_8.png",
    "t1":"Or pay with card",
    "t2":"Email",
    "t3":"Add Your Card",
    "t4":"1234 1234 1234 1234",
    "t5":"MM/YY",
    "t6":"CVV",
    "t7":"Name on the card",
    "t8":"ZIP",
    "t9":"Pay 22999.00",
    "t10":"Country or region",
    "country1":"Afghanistan",
    "country2":"Australia",
    "country3":"Bangladesh",
    "country4":"Belgium",
    "country5":"Canada",
    "country6":"China",
    "country7":"Egypt",
    "country8":"Germany",
    "country9":"Hongkong",
    "country11":"India",
    "country12":"Indonesia",
    "country13":"Japan",
    "country14":"Kenya",
    "country15":"Libya",
    "country16":"Malaysia",
    "country17":"Nepal",
    "country18":"Oman",
    "country19":"Pakistan",
    "country20":"Qatar",
    "country21":"Russia",
    "country22":"Saudi Arabia",
    "country23":"Thailand",
    "country24":"United Kingdom",
    "country25":"Venezeula",
    "country26":"Yemen",
    "country27":"Zambia"
    }