{
"image0":"images/img0.png",
"title1": "FurnitureXD",
"title2":"Home",
"title3":"Bedroom",
"title4":"Dining",
"title5":"living",
"title6":"Aboutus",
"title7":"Contactus",
"Product1_image1":"images/img_11.png",
"Product1_image2":"images/img_40.jpeg",   
"product1_name":"GRONLID Corner Sofa",
"MRP1":" M.R.P: ₹ 2,00,000.00",
"price1":"Price: ₹ 1,33,000.00",
"You Save1":"You save: ₹ 67000.00 (54%) <br> Inclusive of all taxes",
"product_description1":"Corner sofa, 5-seat, with chaise longue/Kimstad dark brown. Snuggle up, feel warmly embraced and enjoy cosy nights and lazy days. This sofa is extra deep, has soft and moveable back cushions, and comes in various sizes and shapes – everything for your comfort.",
"Product2_image1":"images/img_41.jpeg",
"Product2_image2":"images/img_12.png",
"product2_name":"SODERHAMN MODULAR SOFA",
"MRP2":"M.R.P: ₹ 52,000.00",
"price2":"Price: ₹ 43,000.00",
"You Save2":"You save: ₹ 9000.00 (44%) <br> Inclusive of all taxes",
"product_description2":"Corner sofa, 6-seat, Finnsta turquoise,SÖDERHAMN seating series allows you to sit deeply, low and softly with the loose back cushions for extra support.You sit in comfort with a slight, pleasant resilience thanks to the elastic weave in the bottom and high resilience foam in the seat cushions.",
"Product3_image1":"images/img_38.jpeg", 
"Product3_image2":"images/img_39.jpeg",
"product3_name":"LENDA Tie-back Curtains",
"MRP3":"M.R.P: ₹ 5,000.00",
"price3":"Price: ₹ 3,000.00",
"You Save3":"You save: ₹ 2000.00 (54%) <br> Inclusive of all taxes",
"product_description3":"The curtains lower the general light level and provide privacy by preventing people outside from seeing directly into the room."

}