{
    "title1": "FurnitureXD",
    "title2":"Home",
    "title3":"Bedroom",
    "title4":"Dining",
    "title5":"living",
    "title6":"Aboutus",
    "title7":"Contactus",
    "loginhead":"LOGIN",
     "signinfo":"sign in to your account",
    "username":"Username",
     "password":"Password",
    "loginbutton":"Login",
    "forgotpass":"If you are here for the first time,click Register",
    "registerbutton":"Register",
    "image1":"images/img0.png",
    "image2":"images/img_9.png",
    "image3":"images/img_14.png",
    "image4":"images/img_15.png"
}
