{
"title1": "FurnitureXD",
"title2":"Home",
"title3":"Bedroom",
"title4":"Dining",
"title5":"living",
"title6":"Aboutus",
"title7":"Contactus",
"image1":"images/img0.png",
"craftedhead":"Crafted with excellence",
 "quote":"Decorate your home with FurnitureXD",
"weprovide":"We provide you Low prices and best quality.",
"name":"First and Last Name",
"country":"Country",
"city":"City",
"state":"State",
 "zipcode":"Zip Code",
"username":"Username",
"password":"Password",
"passwordinfo":"We provide you Low prices and best quality."
 }